PassengerId,Survived,Pclass,Sex,Age,SibSp,Parch,Fare,Embarked,Title
1,0,2.0,1.0,22.0,1,0,7.25,2.0,2.0
2,1,0.0,0.0,38.0,1,0,71.2833,0.0,3.0
3,1,2.0,0.0,26.0,0,0,7.925,2.0,1.0
4,1,0.0,0.0,35.0,1,0,53.1,2.0,3.0
5,0,2.0,1.0,35.0,0,0,8.05,2.0,2.0
6,0,2.0,1.0,28.0,0,0,8.4583,1.0,2.0
7,0,0.0,1.0,54.0,0,0,51.8625,2.0,2.0
8,0,2.0,1.0,2.0,3,1,21.075,2.0,0.0
9,1,2.0,0.0,27.0,0,2,11.1333,2.0,3.0
10,1,1.0,0.0,14.0,1,0,30.0708,0.0,3.0
11,1,2.0,0.0,4.0,1,1,16.7,2.0,1.0
12,1,0.0,0.0,58.0,0,0,26.55,2.0,1.0
13,0,2.0,1.0,20.0,0,0,8.05,2.0,2.0
14,0,2.0,1.0,39.0,1,5,31.275,2.0,2.0
15,0,2.0,0.0,14.0,0,0,7.8542,2.0,1.0
16,1,1.0,0.0,55.0,0,0,16.0,2.0,3.0
17,0,2.0,1.0,2.0,4,1,29.125,1.0,0.0
18,1,1.0,1.0,42.0,0,0,13.0,2.0,2.0
19,0,2.0,0.0,31.0,1,0,18.0,2.0,3.0
20,1,2.0,0.0,24.0,0,0,7.225,0.0,3.0
21,0,1.0,1.0,35.0,0,0,26.0,2.0,2.0
22,1,1.0,1.0,34.0,0,0,13.0,2.0,2.0
23,1,2.0,0.0,15.0,0,0,8.0292,1.0,1.0
24,1,0.0,1.0,28.0,0,0,35.5,2.0,2.0
25,0,2.0,0.0,8.0,3,1,21.075,2.0,1.0
26,1,2.0,0.0,38.0,1,5,31.3875,2.0,3.0
27,0,2.0,1.0,21.0,0,0,7.225,0.0,2.0
28,0,0.0,1.0,19.0,3,2,263.0,2.0,2.0
29,1,2.0,0.0,32.0,0,0,7.8792,1.0,1.0
30,0,2.0,1.0,27.0,0,0,7.8958,2.0,2.0
31,0,0.0,1.0,40.0,0,0,27.7208,0.0,4.0
32,1,0.0,0.0,22.0,1,0,146.5208,0.0,3.0
33,1,2.0,0.0,38.0,0,0,7.75,1.0,1.0
34,0,1.0,1.0,66.0,0,0,10.5,2.0,2.0
35,0,0.0,1.0,28.0,1,0,82.1708,0.0,2.0
36,0,0.0,1.0,42.0,1,0,52.0,2.0,2.0
37,1,2.0,1.0,38.0,0,0,7.2292,0.0,2.0
38,0,2.0,1.0,21.0,0,0,8.05,2.0,2.0
39,0,2.0,0.0,18.0,2,0,18.0,2.0,1.0
40,1,2.0,0.0,14.0,1,0,11.2417,0.0,1.0
41,0,2.0,0.0,40.0,1,0,9.475,2.0,3.0
42,0,1.0,0.0,27.0,1,0,21.0,2.0,3.0
43,0,2.0,1.0,38.0,0,0,7.8958,0.0,2.0
44,1,1.0,0.0,3.0,1,2,41.5792,0.0,1.0
45,1,2.0,0.0,19.0,0,0,7.8792,1.0,1.0
46,0,2.0,1.0,19.0,0,0,8.05,2.0,2.0
47,0,2.0,1.0,35.0,1,0,15.5,1.0,2.0
48,1,2.0,0.0,25.0,0,0,7.75,1.0,1.0
49,0,2.0,1.0,41.0,2,0,21.6792,0.0,2.0
50,0,2.0,0.0,18.0,1,0,17.8,2.0,3.0
51,0,2.0,1.0,7.0,4,1,39.6875,2.0,0.0
52,0,2.0,1.0,21.0,0,0,7.8,2.0,2.0
53,1,0.0,0.0,49.0,1,0,76.7292,0.0,3.0
54,1,1.0,0.0,29.0,1,0,26.0,2.0,3.0
55,0,0.0,1.0,65.0,0,1,61.9792,0.0,2.0
56,1,0.0,1.0,42.0,0,0,35.5,2.0,2.0
57,1,1.0,0.0,21.0,0,0,10.5,2.0,1.0
58,0,2.0,1.0,28.5,0,0,7.2292,0.0,2.0
59,1,1.0,0.0,5.0,1,2,27.75,2.0,1.0
60,0,2.0,1.0,11.0,5,2,46.9,2.0,0.0
61,0,2.0,1.0,22.0,0,0,7.2292,0.0,2.0
62,1,0.0,0.0,38.0,0,0,80.0,2.0,1.0
63,0,0.0,1.0,45.0,1,0,83.475,2.0,2.0
64,0,2.0,1.0,4.0,3,2,27.9,2.0,0.0
65,0,0.0,1.0,30.0,0,0,27.7208,0.0,2.0
66,1,2.0,1.0,31.0,1,1,15.2458,0.0,0.0
67,1,1.0,0.0,29.0,0,0,10.5,2.0,3.0
68,0,2.0,1.0,19.0,0,0,8.1583,2.0,2.0
69,1,2.0,0.0,17.0,4,2,7.925,2.0,1.0
70,0,2.0,1.0,26.0,2,0,8.6625,2.0,2.0
71,0,1.0,1.0,32.0,0,0,10.5,2.0,2.0
72,0,2.0,0.0,16.0,5,2,46.9,2.0,1.0
73,0,1.0,1.0,21.0,0,0,73.5,2.0,2.0
74,0,2.0,1.0,26.0,1,0,14.4542,0.0,2.0
75,1,2.0,1.0,32.0,0,0,56.4958,2.0,2.0
76,0,2.0,1.0,25.0,0,0,7.65,2.0,2.0
77,0,2.0,1.0,39.0,0,0,7.8958,2.0,2.0
78,0,2.0,1.0,33.0,0,0,8.05,2.0,2.0
79,1,1.0,1.0,0.83,0,2,29.0,2.0,0.0
80,1,2.0,0.0,30.0,0,0,12.475,2.0,1.0
81,0,2.0,1.0,22.0,0,0,9.0,2.0,2.0
82,1,2.0,1.0,29.0,0,0,9.5,2.0,2.0
83,1,2.0,0.0,27.0,0,0,7.7875,1.0,1.0
84,0,0.0,1.0,28.0,0,0,47.1,2.0,2.0
85,1,1.0,0.0,17.0,0,0,10.5,2.0,1.0
86,1,2.0,0.0,33.0,3,0,15.85,2.0,3.0
87,0,2.0,1.0,16.0,1,3,34.375,2.0,2.0
88,0,2.0,1.0,21.0,0,0,8.05,2.0,2.0
89,1,0.0,0.0,23.0,3,2,263.0,2.0,1.0
90,0,2.0,1.0,24.0,0,0,8.05,2.0,2.0
91,0,2.0,1.0,29.0,0,0,8.05,2.0,2.0
92,0,2.0,1.0,20.0,0,0,7.8542,2.0,2.0
93,0,0.0,1.0,46.0,1,0,61.175,2.0,2.0
94,0,2.0,1.0,26.0,1,2,20.575,2.0,2.0
95,0,2.0,1.0,59.0,0,0,7.25,2.0,2.0
96,0,2.0,1.0,20.0,0,0,8.05,2.0,2.0
97,0,0.0,1.0,71.0,0,0,34.6542,0.0,2.0
98,1,0.0,1.0,23.0,0,1,63.3583,0.0,2.0
99,1,1.0,0.0,34.0,0,1,23.0,2.0,3.0
100,0,1.0,1.0,34.0,1,0,26.0,2.0,2.0
101,0,2.0,0.0,28.0,0,0,7.8958,2.0,1.0
102,0,2.0,1.0,27.0,0,0,7.8958,2.0,2.0
103,0,0.0,1.0,21.0,0,1,77.2875,2.0,2.0
104,0,2.0,1.0,33.0,0,0,8.6542,2.0,2.0
105,0,2.0,1.0,37.0,2,0,7.925,2.0,2.0
106,0,2.0,1.0,28.0,0,0,7.8958,2.0,2.0
107,1,2.0,0.0,21.0,0,0,7.65,2.0,1.0
108,1,2.0,1.0,33.0,0,0,7.775,2.0,2.0
109,0,2.0,1.0,38.0,0,0,7.8958,2.0,2.0
110,1,2.0,0.0,40.0,1,0,24.15,1.0,1.0
111,0,0.0,1.0,47.0,0,0,52.0,2.0,2.0
112,0,2.0,0.0,14.5,1,0,14.4542,0.0,1.0
113,0,2.0,1.0,22.0,0,0,8.05,2.0,2.0
114,0,2.0,0.0,20.0,1,0,9.825,2.0,1.0
115,0,2.0,0.0,17.0,0,0,14.4583,0.0,1.0
116,0,2.0,1.0,21.0,0,0,7.925,2.0,2.0
117,0,2.0,1.0,70.5,0,0,7.75,1.0,2.0
118,0,1.0,1.0,29.0,1,0,21.0,2.0,2.0
119,0,0.0,1.0,24.0,0,1,247.5208,0.0,2.0
120,0,2.0,0.0,2.0,4,2,31.275,2.0,1.0
121,0,1.0,1.0,21.0,2,0,73.5,2.0,2.0
122,0,2.0,1.0,18.0,0,0,8.05,2.0,2.0
123,0,1.0,1.0,32.5,1,0,30.0708,0.0,2.0
124,1,1.0,0.0,32.5,0,0,13.0,2.0,1.0
125,0,0.0,1.0,54.0,0,1,77.2875,2.0,2.0
126,1,2.0,1.0,12.0,1,0,11.2417,0.0,0.0
127,0,2.0,1.0,26.0,0,0,7.75,1.0,2.0
128,1,2.0,1.0,24.0,0,0,7.1417,2.0,2.0
129,1,2.0,0.0,21.0,1,1,22.3583,0.0,1.0
130,0,2.0,1.0,45.0,0,0,6.975,2.0,2.0
131,0,2.0,1.0,33.0,0,0,7.8958,0.0,2.0
132,0,2.0,1.0,20.0,0,0,7.05,2.0,2.0
133,0,2.0,0.0,47.0,1,0,14.5,2.0,3.0
134,1,1.0,0.0,29.0,1,0,26.0,2.0,3.0
135,0,1.0,1.0,25.0,0,0,13.0,2.0,2.0
136,0,1.0,1.0,23.0,0,0,15.0458,0.0,2.0
137,1,0.0,0.0,19.0,0,2,26.2833,2.0,1.0
138,0,0.0,1.0,37.0,1,0,53.1,2.0,2.0
139,0,2.0,1.0,16.0,0,0,9.2167,2.0,2.0
140,0,0.0,1.0,24.0,0,0,79.2,0.0,2.0
141,0,2.0,0.0,32.0,0,2,15.2458,0.0,3.0
142,1,2.0,0.0,22.0,0,0,7.75,2.0,1.0
143,1,2.0,0.0,24.0,1,0,15.85,2.0,3.0
144,0,2.0,1.0,19.0,0,0,6.75,1.0,2.0
145,0,1.0,1.0,18.0,0,0,11.5,2.0,2.0
146,0,1.0,1.0,19.0,1,1,36.75,2.0,2.0
147,1,2.0,1.0,27.0,0,0,7.7958,2.0,2.0
148,0,2.0,0.0,9.0,2,2,34.375,2.0,1.0
149,0,1.0,1.0,36.5,0,2,26.0,2.0,2.0
150,0,1.0,1.0,42.0,0,0,13.0,2.0,4.0
151,0,1.0,1.0,51.0,0,0,12.525,2.0,4.0
152,1,0.0,0.0,22.0,1,0,66.6,2.0,3.0
153,0,2.0,1.0,55.5,0,0,8.05,2.0,2.0
154,0,2.0,1.0,40.5,0,2,14.5,2.0,2.0
155,0,2.0,1.0,17.0,0,0,7.3125,2.0,2.0
156,0,0.0,1.0,51.0,0,1,61.3792,0.0,2.0
157,1,2.0,0.0,16.0,0,0,7.7333,1.0,1.0
158,0,2.0,1.0,30.0,0,0,8.05,2.0,2.0
159,0,2.0,1.0,42.0,0,0,8.6625,2.0,2.0
160,0,2.0,1.0,20.0,8,2,69.55,2.0,0.0
161,0,2.0,1.0,44.0,0,1,16.1,2.0,2.0
162,1,1.0,0.0,40.0,0,0,15.75,2.0,3.0
163,0,2.0,1.0,26.0,0,0,7.775,2.0,2.0
164,0,2.0,1.0,17.0,0,0,8.6625,2.0,2.0
165,0,2.0,1.0,1.0,4,1,39.6875,2.0,0.0
166,1,2.0,1.0,9.0,0,2,20.525,2.0,0.0
167,1,0.0,0.0,26.0,0,1,55.0,2.0,3.0
168,0,2.0,0.0,45.0,1,4,27.9,2.0,3.0
169,0,0.0,1.0,17.0,0,0,25.925,2.0,2.0
170,0,2.0,1.0,28.0,0,0,56.4958,2.0,2.0
171,0,0.0,1.0,61.0,0,0,33.5,2.0,2.0
172,0,2.0,1.0,4.0,4,1,29.125,1.0,0.0
173,1,2.0,0.0,1.0,1,1,11.1333,2.0,1.0
174,0,2.0,1.0,21.0,0,0,7.925,2.0,2.0
175,0,0.0,1.0,56.0,0,0,30.6958,0.0,2.0
176,0,2.0,1.0,18.0,1,1,7.8542,2.0,2.0
177,0,2.0,1.0,33.0,3,1,25.4667,2.0,0.0
178,0,0.0,0.0,50.0,0,0,28.7125,0.0,1.0
179,0,1.0,1.0,30.0,0,0,13.0,2.0,2.0
180,0,2.0,1.0,36.0,0,0,0.0,2.0,2.0
181,0,2.0,0.0,22.0,8,2,69.55,2.0,1.0
182,0,1.0,1.0,26.0,0,0,15.05,0.0,2.0
183,0,2.0,1.0,9.0,4,2,31.3875,2.0,0.0
184,1,1.0,1.0,1.0,2,1,39.0,2.0,0.0
185,1,2.0,0.0,4.0,0,2,22.025,2.0,1.0
186,0,0.0,1.0,26.0,0,0,50.0,2.0,2.0
187,1,2.0,0.0,33.0,1,0,15.5,1.0,3.0
188,1,0.0,1.0,45.0,0,0,26.55,2.0,2.0
189,0,2.0,1.0,40.0,1,1,15.5,1.0,2.0
190,0,2.0,1.0,36.0,0,0,7.8958,2.0,2.0
191,1,1.0,0.0,32.0,0,0,13.0,2.0,3.0
192,0,1.0,1.0,19.0,0,0,13.0,2.0,2.0
193,1,2.0,0.0,19.0,1,0,7.8542,2.0,1.0
194,1,1.0,1.0,3.0,1,1,26.0,2.0,0.0
195,1,0.0,0.0,44.0,0,0,27.7208,0.0,3.0
196,1,0.0,0.0,58.0,0,0,146.5208,0.0,1.0
197,0,2.0,1.0,34.0,0,0,7.75,1.0,2.0
198,0,2.0,1.0,42.0,0,1,8.4042,2.0,2.0
199,1,2.0,0.0,24.0,0,0,7.75,1.0,1.0
200,0,1.0,0.0,24.0,0,0,13.0,2.0,1.0
201,0,2.0,1.0,28.0,0,0,9.5,2.0,2.0
202,0,2.0,1.0,28.0,8,2,69.55,2.0,2.0
203,0,2.0,1.0,34.0,0,0,6.4958,2.0,2.0
204,0,2.0,1.0,45.5,0,0,7.225,0.0,2.0
205,1,2.0,1.0,18.0,0,0,8.05,2.0,2.0
206,0,2.0,0.0,2.0,0,1,10.4625,2.0,1.0
207,0,2.0,1.0,32.0,1,0,15.85,2.0,2.0
208,1,2.0,1.0,26.0,0,0,18.7875,0.0,2.0
209,1,2.0,0.0,16.0,0,0,7.75,1.0,1.0
210,1,0.0,1.0,40.0,0,0,31.0,0.0,2.0
211,0,2.0,1.0,24.0,0,0,7.05,2.0,2.0
212,1,1.0,0.0,35.0,0,0,21.0,2.0,1.0
213,0,2.0,1.0,22.0,0,0,7.25,2.0,2.0
214,0,1.0,1.0,30.0,0,0,13.0,2.0,2.0
215,0,2.0,1.0,30.0,1,0,7.75,1.0,2.0
216,1,0.0,0.0,31.0,1,0,113.275,0.0,1.0
217,1,2.0,0.0,27.0,0,0,7.925,2.0,1.0
218,0,1.0,1.0,42.0,1,0,27.0,2.0,2.0
219,1,0.0,0.0,32.0,0,0,76.2917,0.0,1.0
220,0,1.0,1.0,30.0,0,0,10.5,2.0,2.0
221,1,2.0,1.0,16.0,0,0,8.05,2.0,2.0
222,0,1.0,1.0,27.0,0,0,13.0,2.0,2.0
223,0,2.0,1.0,51.0,0,0,8.05,2.0,2.0
224,0,2.0,1.0,21.0,0,0,7.8958,2.0,2.0
225,1,0.0,1.0,38.0,1,0,90.0,2.0,2.0
226,0,2.0,1.0,22.0,0,0,9.35,2.0,2.0
227,1,1.0,1.0,19.0,0,0,10.5,2.0,2.0
228,0,2.0,1.0,20.5,0,0,7.25,2.0,2.0
229,0,1.0,1.0,18.0,0,0,13.0,2.0,2.0
230,0,2.0,0.0,26.0,3,1,25.4667,2.0,1.0
231,1,0.0,0.0,35.0,1,0,83.475,2.0,3.0
232,0,2.0,1.0,29.0,0,0,7.775,2.0,2.0
233,0,1.0,1.0,59.0,0,0,13.5,2.0,2.0
234,1,2.0,0.0,5.0,4,2,31.3875,2.0,1.0
235,0,1.0,1.0,24.0,0,0,10.5,2.0,2.0
236,0,2.0,0.0,42.0,0,0,7.55,2.0,1.0
237,0,1.0,1.0,44.0,1,0,26.0,2.0,2.0
238,1,1.0,0.0,8.0,0,2,26.25,2.0,1.0
239,0,1.0,1.0,19.0,0,0,10.5,2.0,2.0
240,0,1.0,1.0,33.0,0,0,12.275,2.0,2.0
241,0,2.0,0.0,31.0,1,0,14.4542,0.0,1.0
242,1,2.0,0.0,42.0,1,0,15.5,1.0,1.0
243,0,1.0,1.0,29.0,0,0,10.5,2.0,2.0
244,0,2.0,1.0,22.0,0,0,7.125,2.0,2.0
245,0,2.0,1.0,30.0,0,0,7.225,0.0,2.0
246,0,0.0,1.0,44.0,2,0,90.0,1.0,4.0
247,0,2.0,0.0,25.0,0,0,7.775,2.0,1.0
248,1,1.0,0.0,24.0,0,2,14.5,2.0,3.0
249,1,0.0,1.0,37.0,1,1,52.5542,2.0,2.0
250,0,1.0,1.0,54.0,1,0,26.0,2.0,4.0
251,0,2.0,1.0,42.0,0,0,7.25,2.0,2.0
252,0,2.0,0.0,29.0,1,1,10.4625,2.0,3.0
253,0,0.0,1.0,62.0,0,0,26.55,2.0,2.0
254,0,2.0,1.0,30.0,1,0,16.1,2.0,2.0
255,0,2.0,0.0,41.0,0,2,20.2125,2.0,3.0
256,1,2.0,0.0,29.0,0,2,15.2458,0.0,3.0
257,1,0.0,0.0,18.0,0,0,79.2,0.0,3.0
258,1,0.0,0.0,30.0,0,0,86.5,2.0,1.0
259,1,0.0,0.0,35.0,0,0,512.3292,0.0,1.0
260,1,1.0,0.0,50.0,0,1,26.0,2.0,3.0
261,0,2.0,1.0,18.0,0,0,7.75,1.0,2.0
262,1,2.0,1.0,3.0,4,2,31.3875,2.0,0.0
263,0,0.0,1.0,52.0,1,1,79.65,2.0,2.0
264,0,0.0,1.0,40.0,0,0,0.0,2.0,2.0
265,0,2.0,0.0,43.0,0,0,7.75,1.0,1.0
266,0,1.0,1.0,36.0,0,0,10.5,2.0,2.0
267,0,2.0,1.0,16.0,4,1,39.6875,2.0,2.0
268,1,2.0,1.0,25.0,1,0,7.775,2.0,2.0
269,1,0.0,0.0,58.0,0,1,153.4625,2.0,3.0
270,1,0.0,0.0,35.0,0,0,135.6333,2.0,1.0
271,0,0.0,1.0,24.0,0,0,31.0,2.0,2.0
272,1,2.0,1.0,25.0,0,0,0.0,2.0,2.0
273,1,1.0,0.0,41.0,0,1,19.5,2.0,3.0
274,0,0.0,1.0,37.0,0,1,29.7,0.0,2.0
275,1,2.0,0.0,33.0,0,0,7.75,1.0,1.0
276,1,0.0,0.0,63.0,1,0,77.9583,2.0,1.0
277,0,2.0,0.0,45.0,0,0,7.75,2.0,1.0
278,0,1.0,1.0,30.0,0,0,0.0,2.0,2.0
279,0,2.0,1.0,7.0,4,1,29.125,1.0,0.0
280,1,2.0,0.0,35.0,1,1,20.25,2.0,3.0
281,0,2.0,1.0,65.0,0,0,7.75,1.0,2.0
282,0,2.0,1.0,28.0,0,0,7.8542,2.0,2.0
283,0,2.0,1.0,16.0,0,0,9.5,2.0,2.0
284,1,2.0,1.0,19.0,0,0,8.05,2.0,2.0
285,0,0.0,1.0,38.0,0,0,26.0,2.0,2.0
286,0,2.0,1.0,33.0,0,0,8.6625,0.0,2.0
287,1,2.0,1.0,30.0,0,0,9.5,2.0,2.0
288,0,2.0,1.0,22.0,0,0,7.8958,2.0,2.0
289,1,1.0,1.0,42.0,0,0,13.0,2.0,2.0
290,1,2.0,0.0,22.0,0,0,7.75,1.0,1.0
291,1,0.0,0.0,26.0,0,0,78.85,2.0,1.0
292,1,0.0,0.0,19.0,1,0,91.0792,0.0,3.0
293,0,1.0,1.0,36.0,0,0,12.875,0.0,2.0
294,0,2.0,0.0,24.0,0,0,8.85,2.0,1.0
295,0,2.0,1.0,24.0,0,0,7.8958,2.0,2.0
296,0,0.0,1.0,35.0,0,0,27.7208,0.0,2.0
297,0,2.0,1.0,23.5,0,0,7.2292,0.0,2.0
298,0,0.0,0.0,2.0,1,2,151.55,2.0,1.0
299,1,0.0,1.0,18.0,0,0,30.5,2.0,2.0
300,1,0.0,0.0,50.0,0,1,247.5208,0.0,3.0
301,1,2.0,0.0,32.0,0,0,7.75,1.0,1.0
302,1,2.0,1.0,24.0,2,0,23.25,1.0,2.0
303,0,2.0,1.0,19.0,0,0,0.0,2.0,2.0
304,1,1.0,0.0,33.0,0,0,12.35,1.0,1.0
305,0,2.0,1.0,18.0,0,0,8.05,2.0,2.0
306,1,0.0,1.0,0.92,1,2,151.55,2.0,0.0
307,1,0.0,0.0,28.0,0,0,110.8833,0.0,1.0
308,1,0.0,0.0,17.0,1,0,108.9,0.0,3.0
309,0,1.0,1.0,30.0,1,0,24.0,0.0,2.0
310,1,0.0,0.0,30.0,0,0,56.9292,0.0,1.0
311,1,0.0,0.0,24.0,0,0,83.1583,0.0,1.0
312,1,0.0,0.0,18.0,2,2,262.375,0.0,1.0
313,0,1.0,0.0,26.0,1,1,26.0,2.0,3.0
314,0,2.0,1.0,28.0,0,0,7.8958,2.0,2.0
315,0,1.0,1.0,43.0,1,1,26.25,2.0,2.0
316,1,2.0,0.0,26.0,0,0,7.8542,2.0,1.0
317,1,1.0,0.0,24.0,1,0,26.0,2.0,3.0
318,0,1.0,1.0,54.0,0,0,14.0,2.0,4.0
319,1,0.0,0.0,31.0,0,2,164.8667,2.0,1.0
320,1,0.0,0.0,40.0,1,1,134.5,0.0,3.0
321,0,2.0,1.0,22.0,0,0,7.25,2.0,2.0
322,0,2.0,1.0,27.0,0,0,7.8958,2.0,2.0
323,1,1.0,0.0,30.0,0,0,12.35,1.0,1.0
324,1,1.0,0.0,22.0,1,1,29.0,2.0,3.0
325,0,2.0,1.0,25.0,8,2,69.55,2.0,2.0
326,1,0.0,0.0,36.0,0,0,135.6333,0.0,1.0
327,0,2.0,1.0,61.0,0,0,6.2375,2.0,2.0
328,1,1.0,0.0,36.0,0,0,13.0,2.0,3.0
329,1,2.0,0.0,31.0,1,1,20.525,2.0,3.0
330,1,0.0,0.0,16.0,0,1,57.9792,0.0,1.0
331,1,2.0,0.0,25.0,2,0,23.25,1.0,1.0
332,0,0.0,1.0,45.5,0,0,28.5,2.0,2.0
333,0,0.0,1.0,38.0,0,1,153.4625,2.0,2.0
334,0,2.0,1.0,16.0,2,0,18.0,2.0,2.0
335,1,0.0,0.0,22.0,1,0,133.65,2.0,3.0
336,0,2.0,1.0,30.0,0,0,7.8958,2.0,2.0
337,0,0.0,1.0,29.0,1,0,66.6,2.0,2.0
338,1,0.0,0.0,41.0,0,0,134.5,0.0,1.0
339,1,2.0,1.0,45.0,0,0,8.05,2.0,2.0
340,0,0.0,1.0,45.0,0,0,35.5,2.0,2.0
341,1,1.0,1.0,2.0,1,1,26.0,2.0,0.0
342,1,0.0,0.0,24.0,3,2,263.0,2.0,1.0
343,0,1.0,1.0,28.0,0,0,13.0,2.0,2.0
344,0,1.0,1.0,25.0,0,0,13.0,2.0,2.0
345,0,1.0,1.0,36.0,0,0,13.0,2.0,2.0
346,1,1.0,0.0,24.0,0,0,13.0,2.0,1.0
347,1,1.0,0.0,40.0,0,0,13.0,2.0,1.0
348,1,2.0,0.0,16.0,1,0,16.1,2.0,3.0
349,1,2.0,1.0,3.0,1,1,15.9,2.0,0.0
350,0,2.0,1.0,42.0,0,0,8.6625,2.0,2.0
351,0,2.0,1.0,23.0,0,0,9.225,2.0,2.0
352,0,0.0,1.0,34.0,0,0,35.0,2.0,2.0
353,0,2.0,1.0,15.0,1,1,7.2292,0.0,2.0
354,0,2.0,1.0,25.0,1,0,17.8,2.0,2.0
355,0,2.0,1.0,31.0,0,0,7.225,0.0,2.0
356,0,2.0,1.0,28.0,0,0,9.5,2.0,2.0
357,1,0.0,0.0,22.0,0,1,55.0,2.0,1.0
358,0,1.0,0.0,38.0,0,0,13.0,2.0,1.0
359,1,2.0,0.0,36.0,0,0,7.8792,1.0,1.0
360,1,2.0,0.0,42.0,0,0,7.8792,1.0,1.0
361,0,2.0,1.0,40.0,1,4,27.9,2.0,2.0
362,0,1.0,1.0,29.0,1,0,27.7208,0.0,2.0
363,0,2.0,0.0,45.0,0,1,14.4542,0.0,3.0
364,0,2.0,1.0,35.0,0,0,7.05,2.0,2.0
365,0,2.0,1.0,15.0,1,0,15.5,1.0,2.0
366,0,2.0,1.0,30.0,0,0,7.25,2.0,2.0
367,1,0.0,0.0,60.0,1,0,75.25,0.0,3.0
368,1,2.0,0.0,27.0,0,0,7.2292,0.0,3.0
369,1,2.0,0.0,20.0,0,0,7.75,1.0,1.0
370,1,0.0,0.0,24.0,0,0,69.3,0.0,3.0
371,1,0.0,1.0,25.0,1,0,55.4417,0.0,2.0
372,0,2.0,1.0,18.0,1,0,6.4958,2.0,2.0
373,0,2.0,1.0,19.0,0,0,8.05,2.0,2.0
374,0,0.0,1.0,22.0,0,0,135.6333,0.0,2.0
375,0,2.0,0.0,3.0,3,1,21.075,2.0,1.0
376,1,0.0,0.0,27.0,1,0,82.1708,0.0,3.0
377,1,2.0,0.0,22.0,0,0,7.25,2.0,1.0
378,0,0.0,1.0,27.0,0,2,211.5,0.0,2.0
379,0,2.0,1.0,20.0,0,0,4.0125,0.0,2.0
380,0,2.0,1.0,19.0,0,0,7.775,2.0,2.0
381,1,0.0,0.0,42.0,0,0,227.525,0.0,1.0
382,1,2.0,0.0,1.0,0,2,15.7417,0.0,1.0
383,0,2.0,1.0,32.0,0,0,7.925,2.0,2.0
384,1,0.0,0.0,35.0,1,0,52.0,2.0,3.0
385,0,2.0,1.0,30.0,0,0,7.8958,2.0,2.0
386,0,1.0,1.0,18.0,0,0,73.5,2.0,2.0
387,0,2.0,1.0,1.0,5,2,46.9,2.0,0.0
388,1,1.0,0.0,36.0,0,0,13.0,2.0,1.0
389,0,2.0,1.0,31.0,0,0,7.7292,1.0,2.0
390,1,1.0,0.0,17.0,0,0,12.0,0.0,1.0
391,1,0.0,1.0,36.0,1,2,120.0,2.0,2.0
392,1,2.0,1.0,21.0,0,0,7.7958,2.0,2.0
393,0,2.0,1.0,28.0,2,0,7.925,2.0,2.0
394,1,0.0,0.0,23.0,1,0,113.275,0.0,1.0
395,1,2.0,0.0,24.0,0,2,16.7,2.0,3.0
396,0,2.0,1.0,22.0,0,0,7.7958,2.0,2.0
397,0,2.0,0.0,31.0,0,0,7.8542,2.0,1.0
398,0,1.0,1.0,46.0,0,0,26.0,2.0,2.0
399,0,1.0,1.0,23.0,0,0,10.5,2.0,4.0
400,1,1.0,0.0,28.0,0,0,12.65,2.0,3.0
401,1,2.0,1.0,39.0,0,0,7.925,2.0,2.0
402,0,2.0,1.0,26.0,0,0,8.05,2.0,2.0
403,0,2.0,0.0,21.0,1,0,9.825,2.0,1.0
404,0,2.0,1.0,28.0,1,0,15.85,2.0,2.0
405,0,2.0,0.0,20.0,0,0,8.6625,2.0,1.0
406,0,1.0,1.0,34.0,1,0,21.0,2.0,2.0
407,0,2.0,1.0,51.0,0,0,7.75,2.0,2.0
408,1,1.0,1.0,3.0,1,1,18.75,2.0,0.0
409,0,2.0,1.0,21.0,0,0,7.775,2.0,2.0
410,0,2.0,0.0,17.0,3,1,25.4667,2.0,1.0
411,0,2.0,1.0,16.0,0,0,7.8958,2.0,2.0
412,0,2.0,1.0,32.0,0,0,6.8583,1.0,2.0
413,1,0.0,0.0,33.0,1,0,90.0,1.0,1.0
414,0,1.0,1.0,29.0,0,0,0.0,2.0,2.0
415,1,2.0,1.0,44.0,0,0,7.925,2.0,2.0
416,0,2.0,0.0,31.0,0,0,8.05,2.0,3.0
417,1,1.0,0.0,34.0,1,1,32.5,2.0,3.0
418,1,1.0,0.0,18.0,0,2,13.0,2.0,1.0
419,0,1.0,1.0,30.0,0,0,13.0,2.0,2.0
420,0,2.0,0.0,10.0,0,2,24.15,2.0,1.0
421,0,2.0,1.0,33.0,0,0,7.8958,0.0,2.0
422,0,2.0,1.0,21.0,0,0,7.7333,1.0,2.0
423,0,2.0,1.0,29.0,0,0,7.875,2.0,2.0
424,0,2.0,0.0,28.0,1,1,14.4,2.0,3.0
425,0,2.0,1.0,18.0,1,1,20.2125,2.0,2.0
426,0,2.0,1.0,32.0,0,0,7.25,2.0,2.0
427,1,1.0,0.0,28.0,1,0,26.0,2.0,3.0
428,1,1.0,0.0,19.0,0,0,26.0,2.0,1.0
429,0,2.0,1.0,31.0,0,0,7.75,1.0,2.0
430,1,2.0,1.0,32.0,0,0,8.05,2.0,2.0
431,1,0.0,1.0,28.0,0,0,26.55,2.0,2.0
432,1,2.0,0.0,41.0,1,0,16.1,2.0,3.0
433,1,1.0,0.0,42.0,1,0,26.0,2.0,3.0
434,0,2.0,1.0,17.0,0,0,7.125,2.0,2.0
435,0,0.0,1.0,50.0,1,0,55.9,2.0,2.0
436,1,0.0,0.0,14.0,1,2,120.0,2.0,1.0
437,0,2.0,0.0,21.0,2,2,34.375,2.0,1.0
438,1,1.0,0.0,24.0,2,3,18.75,2.0,3.0
439,0,0.0,1.0,64.0,1,4,263.0,2.0,2.0
440,0,1.0,1.0,31.0,0,0,10.5,2.0,2.0
441,1,1.0,0.0,45.0,1,1,26.25,2.0,3.0
442,0,2.0,1.0,20.0,0,0,9.5,2.0,2.0
443,0,2.0,1.0,25.0,1,0,7.775,2.0,2.0
444,1,1.0,0.0,28.0,0,0,13.0,2.0,1.0
445,1,2.0,1.0,43.0,0,0,8.1125,2.0,2.0
446,1,0.0,1.0,4.0,0,2,81.8583,2.0,0.0
447,1,1.0,0.0,13.0,0,1,19.5,2.0,1.0
448,1,0.0,1.0,34.0,0,0,26.55,2.0,2.0
449,1,2.0,0.0,5.0,2,1,19.2583,0.0,1.0
450,1,0.0,1.0,52.0,0,0,30.5,2.0,4.0
451,0,1.0,1.0,36.0,1,2,27.75,2.0,2.0
452,0,2.0,1.0,33.0,1,0,19.9667,2.0,2.0
453,0,0.0,1.0,30.0,0,0,27.75,0.0,2.0
454,1,0.0,1.0,49.0,1,0,89.1042,0.0,2.0
455,0,2.0,1.0,15.0,0,0,8.05,2.0,2.0
456,1,2.0,1.0,29.0,0,0,7.8958,0.0,2.0
457,0,0.0,1.0,65.0,0,0,26.55,2.0,2.0
458,1,0.0,0.0,38.0,1,0,51.8625,2.0,3.0
459,1,1.0,0.0,50.0,0,0,10.5,2.0,1.0
460,0,2.0,1.0,17.0,0,0,7.75,1.0,2.0
461,1,0.0,1.0,48.0,0,0,26.55,2.0,2.0
462,0,2.0,1.0,34.0,0,0,8.05,2.0,2.0
463,0,0.0,1.0,47.0,0,0,38.5,2.0,2.0
464,0,1.0,1.0,48.0,0,0,13.0,2.0,2.0
465,0,2.0,1.0,20.0,0,0,8.05,2.0,2.0
466,0,2.0,1.0,38.0,0,0,7.05,2.0,2.0
467,0,1.0,1.0,18.0,0,0,0.0,2.0,2.0
468,0,0.0,1.0,56.0,0,0,26.55,2.0,2.0
469,0,2.0,1.0,17.0,0,0,7.725,1.0,2.0
470,1,2.0,0.0,0.75,2,1,19.2583,0.0,1.0
471,0,2.0,1.0,28.0,0,0,7.25,2.0,2.0
472,0,2.0,1.0,38.0,0,0,8.6625,2.0,2.0
473,1,1.0,0.0,33.0,1,2,27.75,2.0,3.0
474,1,1.0,0.0,23.0,0,0,13.7917,0.0,3.0
475,0,2.0,0.0,22.0,0,0,9.8375,2.0,1.0
476,0,0.0,1.0,38.0,0,0,52.0,2.0,2.0
477,0,1.0,1.0,34.0,1,0,21.0,2.0,2.0
478,0,2.0,1.0,29.0,1,0,7.0458,2.0,2.0
479,0,2.0,1.0,22.0,0,0,7.5208,2.0,2.0
480,1,2.0,0.0,2.0,0,1,12.2875,2.0,1.0
481,0,2.0,1.0,9.0,5,2,46.9,2.0,0.0
482,0,1.0,1.0,29.0,0,0,0.0,2.0,2.0
483,0,2.0,1.0,50.0,0,0,8.05,2.0,2.0
484,1,2.0,0.0,63.0,0,0,9.5875,2.0,3.0
485,1,0.0,1.0,25.0,1,0,91.0792,0.0,2.0
486,0,2.0,0.0,42.0,3,1,25.4667,2.0,1.0
487,1,0.0,0.0,35.0,1,0,90.0,2.0,3.0
488,0,0.0,1.0,58.0,0,0,29.7,0.0,2.0
489,0,2.0,1.0,30.0,0,0,8.05,2.0,2.0
490,1,2.0,1.0,9.0,1,1,15.9,2.0,0.0
491,0,2.0,1.0,33.0,1,0,19.9667,2.0,2.0
492,0,2.0,1.0,21.0,0,0,7.25,2.0,2.0
493,0,0.0,1.0,55.0,0,0,30.5,2.0,2.0
494,0,0.0,1.0,71.0,0,0,49.5042,0.0,2.0
495,0,2.0,1.0,21.0,0,0,8.05,2.0,2.0
496,0,2.0,1.0,42.0,0,0,14.4583,0.0,2.0
497,1,0.0,0.0,54.0,1,0,78.2667,0.0,1.0
498,0,2.0,1.0,42.0,0,0,15.1,2.0,2.0
499,0,0.0,0.0,25.0,1,2,151.55,2.0,3.0
500,0,2.0,1.0,24.0,0,0,7.7958,2.0,2.0
501,0,2.0,1.0,17.0,0,0,8.6625,2.0,2.0
502,0,2.0,0.0,21.0,0,0,7.75,1.0,1.0
503,0,2.0,0.0,37.0,0,0,7.6292,1.0,1.0
504,0,2.0,0.0,37.0,0,0,9.5875,2.0,1.0
505,1,0.0,0.0,16.0,0,0,86.5,2.0,1.0
506,0,0.0,1.0,18.0,1,0,108.9,0.0,2.0
507,1,1.0,0.0,33.0,0,2,26.0,2.0,3.0
508,1,0.0,1.0,17.0,0,0,26.55,2.0,2.0
509,0,2.0,1.0,28.0,0,0,22.525,2.0,2.0
510,1,2.0,1.0,26.0,0,0,56.4958,2.0,2.0
511,1,2.0,1.0,29.0,0,0,7.75,1.0,2.0
512,0,2.0,1.0,22.0,0,0,8.05,2.0,2.0
513,1,0.0,1.0,36.0,0,0,26.2875,2.0,2.0
514,1,0.0,0.0,54.0,1,0,59.4,0.0,3.0
515,0,2.0,1.0,24.0,0,0,7.4958,2.0,2.0
516,0,0.0,1.0,47.0,0,0,34.0208,2.0,2.0
517,1,1.0,0.0,34.0,0,0,10.5,2.0,3.0
518,0,2.0,1.0,38.0,0,0,24.15,1.0,2.0
519,1,1.0,0.0,36.0,1,0,26.0,2.0,3.0
520,0,2.0,1.0,32.0,0,0,7.8958,2.0,2.0
521,1,0.0,0.0,30.0,0,0,93.5,2.0,1.0
522,0,2.0,1.0,22.0,0,0,7.8958,2.0,2.0
523,0,2.0,1.0,33.0,0,0,7.225,0.0,2.0
524,1,0.0,0.0,44.0,0,1,57.9792,0.0,3.0
525,0,2.0,1.0,24.0,0,0,7.2292,0.0,2.0
526,0,2.0,1.0,40.5,0,0,7.75,1.0,2.0
527,1,1.0,0.0,50.0,0,0,10.5,2.0,1.0
528,0,0.0,1.0,15.0,0,0,221.7792,2.0,2.0
529,0,2.0,1.0,39.0,0,0,7.925,2.0,2.0
530,0,1.0,1.0,23.0,2,1,11.5,2.0,2.0
531,1,1.0,0.0,2.0,1,1,26.0,2.0,1.0
532,0,2.0,1.0,21.0,0,0,7.2292,0.0,2.0
533,0,2.0,1.0,17.0,1,1,7.2292,0.0,2.0
534,1,2.0,0.0,40.0,0,2,22.3583,0.0,3.0
535,0,2.0,0.0,30.0,0,0,8.6625,2.0,1.0
536,1,1.0,0.0,7.0,0,2,26.25,2.0,1.0
537,0,0.0,1.0,45.0,0,0,26.55,2.0,4.0
538,1,0.0,0.0,30.0,0,0,106.425,0.0,1.0
539,0,2.0,1.0,30.0,0,0,14.5,2.0,2.0
540,1,0.0,0.0,22.0,0,2,49.5,0.0,1.0
541,1,0.0,0.0,36.0,0,2,71.0,2.0,1.0
542,0,2.0,0.0,9.0,4,2,31.275,2.0,1.0
543,0,2.0,0.0,11.0,4,2,31.275,2.0,1.0
544,1,1.0,1.0,32.0,1,0,26.0,2.0,2.0
545,0,0.0,1.0,50.0,1,0,106.425,0.0,2.0
546,0,0.0,1.0,64.0,0,0,26.0,2.0,2.0
547,1,1.0,0.0,19.0,1,0,26.0,2.0,3.0
548,1,1.0,1.0,34.0,0,0,13.8625,0.0,2.0
549,0,2.0,1.0,33.0,1,1,20.525,2.0,2.0
550,1,1.0,1.0,8.0,1,1,36.75,2.0,0.0
551,1,0.0,1.0,17.0,0,2,110.8833,0.0,2.0
552,0,1.0,1.0,27.0,0,0,26.0,2.0,2.0
553,0,2.0,1.0,18.0,0,0,7.8292,1.0,2.0
554,1,2.0,1.0,22.0,0,0,7.225,0.0,2.0
555,1,2.0,0.0,22.0,0,0,7.775,2.0,1.0
556,0,0.0,1.0,62.0,0,0,26.55,2.0,2.0
557,1,0.0,0.0,48.0,1,0,39.6,0.0,4.0
558,0,0.0,1.0,40.0,0,0,227.525,0.0,2.0
559,1,0.0,0.0,39.0,1,1,79.65,2.0,3.0
560,1,2.0,0.0,36.0,1,0,17.4,2.0,3.0
561,0,2.0,1.0,20.0,0,0,7.75,1.0,2.0
562,0,2.0,1.0,40.0,0,0,7.8958,2.0,2.0
563,0,1.0,1.0,28.0,0,0,13.5,2.0,2.0
564,0,2.0,1.0,34.0,0,0,8.05,2.0,2.0
565,0,2.0,0.0,34.0,0,0,8.05,2.0,1.0
566,0,2.0,1.0,24.0,2,0,24.15,2.0,2.0
567,0,2.0,1.0,19.0,0,0,7.8958,2.0,2.0
568,0,2.0,0.0,29.0,0,4,21.075,2.0,3.0
569,0,2.0,1.0,40.0,0,0,7.2292,0.0,2.0
570,1,2.0,1.0,32.0,0,0,7.8542,2.0,2.0
571,1,1.0,1.0,62.0,0,0,10.5,2.0,2.0
572,1,0.0,0.0,53.0,2,0,51.4792,2.0,3.0
573,1,0.0,1.0,36.0,0,0,26.3875,2.0,2.0
574,1,2.0,0.0,25.0,0,0,7.75,1.0,1.0
575,0,2.0,1.0,16.0,0,0,8.05,2.0,2.0
576,0,2.0,1.0,19.0,0,0,14.5,2.0,2.0
577,1,1.0,0.0,34.0,0,0,13.0,2.0,1.0
578,1,0.0,0.0,39.0,1,0,55.9,2.0,3.0
579,0,2.0,0.0,15.0,1,0,14.4583,0.0,3.0
580,1,2.0,1.0,32.0,0,0,7.925,2.0,2.0
581,1,1.0,0.0,25.0,1,1,30.0,2.0,1.0
582,1,0.0,0.0,39.0,1,1,110.8833,0.0,3.0
583,0,1.0,1.0,54.0,0,0,26.0,2.0,2.0
584,0,0.0,1.0,36.0,0,0,40.125,0.0,2.0
585,0,2.0,1.0,25.0,0,0,8.7125,0.0,2.0
586,1,0.0,0.0,18.0,0,2,79.65,2.0,1.0
587,0,1.0,1.0,47.0,0,0,15.0,2.0,2.0
588,1,0.0,1.0,60.0,1,1,79.2,0.0,2.0
589,0,2.0,1.0,22.0,0,0,8.05,2.0,2.0
590,0,2.0,1.0,30.0,0,0,8.05,2.0,2.0
591,0,2.0,1.0,35.0,0,0,7.125,2.0,2.0
592,1,0.0,0.0,52.0,1,0,78.2667,0.0,3.0
593,0,2.0,1.0,47.0,0,0,7.25,2.0,2.0
594,0,2.0,0.0,40.0,0,2,7.75,1.0,1.0
595,0,1.0,1.0,37.0,1,0,26.0,2.0,2.0
596,0,2.0,1.0,36.0,1,1,24.15,2.0,2.0
597,1,1.0,0.0,38.0,0,0,33.0,2.0,1.0
598,0,2.0,1.0,49.0,0,0,0.0,2.0,2.0
599,0,2.0,1.0,23.0,0,0,7.225,0.0,2.0
600,1,0.0,1.0,49.0,1,0,56.9292,0.0,4.0
601,1,1.0,0.0,24.0,2,1,27.0,2.0,3.0
602,0,2.0,1.0,36.0,0,0,7.8958,2.0,2.0
603,0,0.0,1.0,32.0,0,0,42.4,2.0,2.0
604,0,2.0,1.0,44.0,0,0,8.05,2.0,2.0
605,1,0.0,1.0,35.0,0,0,26.55,0.0,2.0
606,0,2.0,1.0,36.0,1,0,15.55,2.0,2.0
607,0,2.0,1.0,30.0,0,0,7.8958,2.0,2.0
608,1,0.0,1.0,27.0,0,0,30.5,2.0,2.0
609,1,1.0,0.0,22.0,1,2,41.5792,0.0,3.0
610,1,0.0,0.0,40.0,0,0,153.4625,2.0,1.0
611,0,2.0,0.0,39.0,1,5,31.275,2.0,3.0
612,0,2.0,1.0,20.0,0,0,7.05,2.0,2.0
613,1,2.0,0.0,20.0,1,0,15.5,1.0,1.0
614,0,2.0,1.0,39.0,0,0,7.75,1.0,2.0
615,0,2.0,1.0,35.0,0,0,8.05,2.0,2.0
616,1,1.0,0.0,24.0,1,2,65.0,2.0,1.0
617,0,2.0,1.0,34.0,1,1,14.4,2.0,2.0
618,0,2.0,0.0,26.0,1,0,16.1,2.0,3.0
619,1,1.0,0.0,4.0,2,1,39.0,2.0,1.0
620,0,1.0,1.0,26.0,0,0,10.5,2.0,2.0
621,0,2.0,1.0,27.0,1,0,14.4542,0.0,2.0
622,1,0.0,1.0,42.0,1,0,52.5542,2.0,2.0
623,1,2.0,1.0,20.0,1,1,15.7417,0.0,2.0
624,0,2.0,1.0,21.0,0,0,7.8542,2.0,2.0
625,0,2.0,1.0,21.0,0,0,16.1,2.0,2.0
626,0,0.0,1.0,61.0,0,0,32.3208,2.0,2.0
627,0,1.0,1.0,57.0,0,0,12.35,1.0,4.0
628,1,0.0,0.0,21.0,0,0,77.9583,2.0,1.0
629,0,2.0,1.0,26.0,0,0,7.8958,2.0,2.0
630,0,2.0,1.0,43.0,0,0,7.7333,1.0,2.0
631,1,0.0,1.0,80.0,0,0,30.0,2.0,2.0
632,0,2.0,1.0,51.0,0,0,7.0542,2.0,2.0
633,1,0.0,1.0,32.0,0,0,30.5,0.0,4.0
634,0,0.0,1.0,32.0,0,0,0.0,2.0,2.0
635,0,2.0,0.0,9.0,3,2,27.9,2.0,1.0
636,1,1.0,0.0,28.0,0,0,13.0,2.0,1.0
637,0,2.0,1.0,32.0,0,0,7.925,2.0,2.0
638,0,1.0,1.0,31.0,1,1,26.25,2.0,2.0
639,0,2.0,0.0,41.0,0,5,39.6875,2.0,3.0
640,0,2.0,1.0,35.0,1,0,16.1,2.0,2.0
641,0,2.0,1.0,20.0,0,0,7.8542,2.0,2.0
642,1,0.0,0.0,24.0,0,0,69.3,0.0,1.0
643,0,2.0,0.0,2.0,3,2,27.9,2.0,1.0
644,1,2.0,1.0,42.0,0,0,56.4958,2.0,2.0
645,1,2.0,0.0,0.75,2,1,19.2583,0.0,1.0
646,1,0.0,1.0,48.0,1,0,76.7292,0.0,2.0
647,0,2.0,1.0,19.0,0,0,7.8958,2.0,2.0
648,1,0.0,1.0,56.0,0,0,35.5,0.0,4.0
649,0,2.0,1.0,38.0,0,0,7.55,2.0,2.0
650,1,2.0,0.0,23.0,0,0,7.55,2.0,1.0
651,0,2.0,1.0,25.0,0,0,7.8958,2.0,2.0
652,1,1.0,0.0,18.0,0,1,23.0,2.0,1.0
653,0,2.0,1.0,21.0,0,0,8.4333,2.0,2.0
654,1,2.0,0.0,38.0,0,0,7.8292,1.0,1.0
655,0,2.0,0.0,18.0,0,0,6.75,1.0,1.0
656,0,1.0,1.0,24.0,2,0,73.5,2.0,2.0
657,0,2.0,1.0,43.0,0,0,7.8958,2.0,2.0
658,0,2.0,0.0,32.0,1,1,15.5,1.0,3.0
659,0,1.0,1.0,23.0,0,0,13.0,2.0,2.0
660,0,0.0,1.0,58.0,0,2,113.275,0.0,2.0
661,1,0.0,1.0,50.0,2,0,133.65,2.0,4.0
662,0,2.0,1.0,40.0,0,0,7.225,0.0,2.0
663,0,0.0,1.0,47.0,0,0,25.5875,2.0,2.0
664,0,2.0,1.0,36.0,0,0,7.4958,2.0,2.0
665,1,2.0,1.0,20.0,1,0,7.925,2.0,2.0
666,0,1.0,1.0,32.0,2,0,73.5,2.0,2.0
667,0,1.0,1.0,25.0,0,0,13.0,2.0,2.0
668,0,2.0,1.0,17.0,0,0,7.775,2.0,2.0
669,0,2.0,1.0,43.0,0,0,8.05,2.0,2.0
670,1,0.0,0.0,21.0,1,0,52.0,2.0,3.0
671,1,1.0,0.0,40.0,1,1,39.0,2.0,3.0
672,0,0.0,1.0,31.0,1,0,52.0,2.0,2.0
673,0,1.0,1.0,70.0,0,0,10.5,2.0,2.0
674,1,1.0,1.0,31.0,0,0,13.0,2.0,2.0
675,0,1.0,1.0,31.0,0,0,0.0,2.0,2.0
676,0,2.0,1.0,18.0,0,0,7.775,2.0,2.0
677,0,2.0,1.0,24.5,0,0,8.05,2.0,2.0
678,1,2.0,0.0,18.0,0,0,9.8417,2.0,1.0
679,0,2.0,0.0,43.0,1,6,46.9,2.0,3.0
680,1,0.0,1.0,36.0,0,1,512.3292,0.0,2.0
681,0,2.0,0.0,38.0,0,0,8.1375,1.0,1.0
682,1,0.0,1.0,27.0,0,0,76.7292,0.0,2.0
683,0,2.0,1.0,20.0,0,0,9.225,2.0,2.0
684,0,2.0,1.0,14.0,5,2,46.9,2.0,2.0
685,0,1.0,1.0,60.0,1,1,39.0,2.0,2.0
686,0,1.0,1.0,25.0,1,2,41.5792,0.0,2.0
687,0,2.0,1.0,14.0,4,1,39.6875,2.0,2.0
688,0,2.0,1.0,19.0,0,0,10.1708,2.0,2.0
689,0,2.0,1.0,18.0,0,0,7.7958,2.0,2.0
690,1,0.0,0.0,15.0,0,1,211.3375,2.0,1.0
691,1,0.0,1.0,31.0,1,0,57.0,2.0,2.0
692,1,2.0,0.0,4.0,0,1,13.4167,0.0,1.0
693,1,2.0,1.0,34.0,0,0,56.4958,2.0,2.0
694,0,2.0,1.0,25.0,0,0,7.225,0.0,2.0
695,0,0.0,1.0,60.0,0,0,26.55,2.0,4.0
696,0,1.0,1.0,52.0,0,0,13.5,2.0,2.0
697,0,2.0,1.0,44.0,0,0,8.05,2.0,2.0
698,1,2.0,0.0,24.0,0,0,7.7333,1.0,1.0
699,0,0.0,1.0,49.0,1,1,110.8833,0.0,2.0
700,0,2.0,1.0,42.0,0,0,7.65,2.0,2.0
701,1,0.0,0.0,18.0,1,0,227.525,0.0,3.0
702,1,0.0,1.0,35.0,0,0,26.2875,2.0,2.0
703,0,2.0,0.0,18.0,0,1,14.4542,0.0,1.0
704,0,2.0,1.0,25.0,0,0,7.7417,1.0,2.0
705,0,2.0,1.0,26.0,1,0,7.8542,2.0,2.0
706,0,1.0,1.0,39.0,0,0,26.0,2.0,2.0
707,1,1.0,0.0,45.0,0,0,13.5,2.0,3.0
708,1,0.0,1.0,42.0,0,0,26.2875,2.0,2.0
709,1,0.0,0.0,22.0,0,0,151.55,2.0,1.0
710,1,2.0,1.0,17.0,1,1,15.2458,0.0,0.0
711,1,0.0,0.0,24.0,0,0,49.5042,0.0,1.0
712,0,0.0,1.0,25.0,0,0,26.55,2.0,2.0
713,1,0.0,1.0,48.0,1,0,52.0,2.0,2.0
714,0,2.0,1.0,29.0,0,0,9.4833,2.0,2.0
715,0,1.0,1.0,52.0,0,0,13.0,2.0,2.0
716,0,2.0,1.0,19.0,0,0,7.65,2.0,2.0
717,1,0.0,0.0,38.0,0,0,227.525,0.0,1.0
718,1,1.0,0.0,27.0,0,0,10.5,2.0,1.0
719,0,2.0,1.0,33.0,0,0,15.5,1.0,2.0
720,0,2.0,1.0,33.0,0,0,7.775,2.0,2.0
721,1,1.0,0.0,6.0,0,1,33.0,2.0,1.0
722,0,2.0,1.0,17.0,1,0,7.0542,2.0,2.0
723,0,1.0,1.0,34.0,0,0,13.0,2.0,2.0
724,0,1.0,1.0,50.0,0,0,13.0,2.0,2.0
725,1,0.0,1.0,27.0,1,0,53.1,2.0,2.0
726,0,2.0,1.0,20.0,0,0,8.6625,2.0,2.0
727,1,1.0,0.0,30.0,3,0,21.0,2.0,3.0
728,1,2.0,0.0,24.0,0,0,7.7375,1.0,1.0
729,0,1.0,1.0,25.0,1,0,26.0,2.0,2.0
730,0,2.0,0.0,25.0,1,0,7.925,2.0,1.0
731,1,0.0,0.0,29.0,0,0,211.3375,2.0,1.0
732,0,2.0,1.0,11.0,0,0,18.7875,0.0,2.0
733,0,1.0,1.0,18.0,0,0,0.0,2.0,2.0
734,0,1.0,1.0,23.0,0,0,13.0,2.0,2.0
735,0,1.0,1.0,23.0,0,0,13.0,2.0,2.0
736,0,2.0,1.0,28.5,0,0,16.1,2.0,2.0
737,0,2.0,0.0,48.0,1,3,34.375,2.0,3.0
738,1,0.0,1.0,35.0,0,0,512.3292,0.0,2.0
739,0,2.0,1.0,37.0,0,0,7.8958,2.0,2.0
740,0,2.0,1.0,15.0,0,0,7.8958,2.0,2.0
741,1,0.0,1.0,34.0,0,0,30.0,2.0,2.0
742,0,0.0,1.0,36.0,1,0,78.85,2.0,2.0
743,1,0.0,0.0,21.0,2,2,262.375,0.0,1.0
744,0,2.0,1.0,24.0,1,0,16.1,2.0,2.0
745,1,2.0,1.0,31.0,0,0,7.925,2.0,2.0
746,0,0.0,1.0,70.0,1,1,71.0,2.0,4.0
747,0,2.0,1.0,16.0,1,1,20.25,2.0,2.0
748,1,1.0,0.0,30.0,0,0,13.0,2.0,1.0
749,0,0.0,1.0,19.0,1,0,53.1,2.0,2.0
750,0,2.0,1.0,31.0,0,0,7.75,1.0,2.0
751,1,1.0,0.0,4.0,1,1,23.0,2.0,1.0
752,1,2.0,1.0,6.0,0,1,12.475,2.0,0.0
753,0,2.0,1.0,33.0,0,0,9.5,2.0,2.0
754,0,2.0,1.0,23.0,0,0,7.8958,2.0,2.0
755,1,1.0,0.0,48.0,1,2,65.0,2.0,3.0
756,1,1.0,1.0,0.67,1,1,14.5,2.0,0.0
757,0,2.0,1.0,28.0,0,0,7.7958,2.0,2.0
758,0,1.0,1.0,18.0,0,0,11.5,2.0,2.0
759,0,2.0,1.0,34.0,0,0,8.05,2.0,2.0
760,1,0.0,0.0,33.0,0,0,86.5,2.0,4.0
761,0,2.0,1.0,32.0,0,0,14.5,2.0,2.0
762,0,2.0,1.0,41.0,0,0,7.125,2.0,2.0
763,1,2.0,1.0,20.0,0,0,7.2292,0.0,2.0
764,1,0.0,0.0,36.0,1,2,120.0,2.0,3.0
765,0,2.0,1.0,16.0,0,0,7.775,2.0,2.0
766,1,0.0,0.0,51.0,1,0,77.9583,2.0,3.0
767,0,0.0,1.0,28.0,0,0,39.6,0.0,4.0
768,0,2.0,0.0,30.5,0,0,7.75,1.0,1.0
769,0,2.0,1.0,43.0,1,0,24.15,1.0,2.0
770,0,2.0,1.0,32.0,0,0,8.3625,2.0,2.0
771,0,2.0,1.0,24.0,0,0,9.5,2.0,2.0
772,0,2.0,1.0,48.0,0,0,7.8542,2.0,2.0
773,0,1.0,0.0,57.0,0,0,10.5,2.0,3.0
774,0,2.0,1.0,28.0,0,0,7.225,0.0,2.0
775,1,1.0,0.0,54.0,1,3,23.0,2.0,3.0
776,0,2.0,1.0,18.0,0,0,7.75,2.0,2.0
777,0,2.0,1.0,20.0,0,0,7.75,1.0,2.0
778,1,2.0,0.0,5.0,0,0,12.475,2.0,1.0
779,0,2.0,1.0,30.0,0,0,7.7375,1.0,2.0
780,1,0.0,0.0,43.0,0,1,211.3375,2.0,3.0
781,1,2.0,0.0,13.0,0,0,7.2292,0.0,1.0
782,1,0.0,0.0,17.0,1,0,57.0,2.0,3.0
783,0,0.0,1.0,29.0,0,0,30.0,2.0,2.0
784,0,2.0,1.0,31.0,1,2,23.45,2.0,2.0
785,0,2.0,1.0,25.0,0,0,7.05,2.0,2.0
786,0,2.0,1.0,25.0,0,0,7.25,2.0,2.0
787,1,2.0,0.0,18.0,0,0,7.4958,2.0,1.0
788,0,2.0,1.0,8.0,4,1,29.125,1.0,0.0
789,1,2.0,1.0,1.0,1,2,20.575,2.0,0.0
790,0,0.0,1.0,46.0,0,0,79.2,0.0,2.0
791,0,2.0,1.0,24.0,0,0,7.75,1.0,2.0
792,0,1.0,1.0,16.0,0,0,26.0,2.0,2.0
793,0,2.0,0.0,35.0,8,2,69.55,2.0,1.0
794,0,0.0,1.0,27.0,0,0,30.6958,0.0,2.0
795,0,2.0,1.0,25.0,0,0,7.8958,2.0,2.0
796,0,1.0,1.0,39.0,0,0,13.0,2.0,2.0
797,1,0.0,0.0,49.0,0,0,25.9292,2.0,4.0
798,1,2.0,0.0,31.0,0,0,8.6833,2.0,3.0
799,0,2.0,1.0,30.0,0,0,7.2292,0.0,2.0
800,0,2.0,0.0,30.0,1,1,24.15,2.0,3.0
801,0,1.0,1.0,34.0,0,0,13.0,2.0,2.0
802,1,1.0,0.0,31.0,1,1,26.25,2.0,3.0
803,1,0.0,1.0,11.0,1,2,120.0,2.0,0.0
804,1,2.0,1.0,0.42,0,1,8.5167,0.0,0.0
805,1,2.0,1.0,27.0,0,0,6.975,2.0,2.0
806,0,2.0,1.0,31.0,0,0,7.775,2.0,2.0
807,0,0.0,1.0,39.0,0,0,0.0,2.0,2.0
808,0,2.0,0.0,18.0,0,0,7.775,2.0,1.0
809,0,1.0,1.0,39.0,0,0,13.0,2.0,2.0
810,1,0.0,0.0,33.0,1,0,53.1,2.0,3.0
811,0,2.0,1.0,26.0,0,0,7.8875,2.0,2.0
812,0,2.0,1.0,39.0,0,0,24.15,2.0,2.0
813,0,1.0,1.0,35.0,0,0,10.5,2.0,2.0
814,0,2.0,0.0,6.0,4,2,31.275,2.0,1.0
815,0,2.0,1.0,30.5,0,0,8.05,2.0,2.0
816,0,0.0,1.0,25.0,0,0,0.0,2.0,2.0
817,0,2.0,0.0,23.0,0,0,7.925,2.0,1.0
818,0,1.0,1.0,31.0,1,1,37.0042,0.0,2.0
819,0,2.0,1.0,43.0,0,0,6.45,2.0,2.0
820,0,2.0,1.0,10.0,3,2,27.9,2.0,0.0
821,1,0.0,0.0,52.0,1,1,93.5,2.0,3.0
822,1,2.0,1.0,27.0,0,0,8.6625,2.0,2.0
823,0,0.0,1.0,38.0,0,0,0.0,2.0,4.0
824,1,2.0,0.0,27.0,0,1,12.475,2.0,3.0
825,0,2.0,1.0,2.0,4,1,39.6875,2.0,0.0
826,0,2.0,1.0,37.0,0,0,6.95,1.0,2.0
827,0,2.0,1.0,18.0,0,0,56.4958,2.0,2.0
828,1,1.0,1.0,1.0,0,2,37.0042,0.0,0.0
829,1,2.0,1.0,36.0,0,0,7.75,1.0,2.0
830,1,0.0,0.0,62.0,0,0,80.0,2.0,3.0
831,1,2.0,0.0,15.0,1,0,14.4542,0.0,3.0
832,1,1.0,1.0,0.83,1,1,18.75,2.0,0.0
833,0,2.0,1.0,41.0,0,0,7.2292,0.0,2.0
834,0,2.0,1.0,23.0,0,0,7.8542,2.0,2.0
835,0,2.0,1.0,18.0,0,0,8.3,2.0,2.0
836,1,0.0,0.0,39.0,1,1,83.1583,0.0,1.0
837,0,2.0,1.0,21.0,0,0,8.6625,2.0,2.0
838,0,2.0,1.0,31.0,0,0,8.05,2.0,2.0
839,1,2.0,1.0,32.0,0,0,56.4958,2.0,2.0
840,1,0.0,1.0,36.0,0,0,29.7,0.0,2.0
841,0,2.0,1.0,20.0,0,0,7.925,2.0,2.0
842,0,1.0,1.0,16.0,0,0,10.5,2.0,2.0
843,1,0.0,0.0,30.0,0,0,31.0,0.0,1.0
844,0,2.0,1.0,34.5,0,0,6.4375,0.0,2.0
845,0,2.0,1.0,17.0,0,0,8.6625,2.0,2.0
846,0,2.0,1.0,42.0,0,0,7.55,2.0,2.0
847,0,2.0,1.0,29.0,8,2,69.55,2.0,2.0
848,0,2.0,1.0,35.0,0,0,7.8958,0.0,2.0
849,0,1.0,1.0,28.0,0,1,33.0,2.0,4.0
850,1,0.0,0.0,35.0,1,0,89.1042,0.0,3.0
851,0,2.0,1.0,4.0,4,2,31.275,2.0,0.0
852,0,2.0,1.0,74.0,0,0,7.775,2.0,2.0
853,0,2.0,0.0,9.0,1,1,15.2458,0.0,1.0
854,1,0.0,0.0,16.0,0,1,39.4,2.0,1.0
855,0,1.0,0.0,44.0,1,0,26.0,2.0,3.0
856,1,2.0,0.0,18.0,0,1,9.35,2.0,3.0
857,1,0.0,0.0,45.0,1,1,164.8667,2.0,3.0
858,1,0.0,1.0,51.0,0,0,26.55,2.0,2.0
859,1,2.0,0.0,24.0,0,3,19.2583,0.0,3.0
860,0,2.0,1.0,36.0,0,0,7.2292,0.0,2.0
861,0,2.0,1.0,41.0,2,0,14.1083,2.0,2.0
862,0,1.0,1.0,21.0,1,0,11.5,2.0,2.0
863,1,0.0,0.0,48.0,0,0,25.9292,2.0,3.0
864,0,2.0,0.0,25.0,8,2,69.55,2.0,1.0
865,0,1.0,1.0,24.0,0,0,13.0,2.0,2.0
866,1,1.0,0.0,42.0,0,0,13.0,2.0,3.0
867,1,1.0,0.0,27.0,1,0,13.8583,0.0,1.0
868,0,0.0,1.0,31.0,0,0,50.4958,2.0,2.0
869,0,2.0,1.0,17.0,0,0,9.5,2.0,2.0
870,1,2.0,1.0,4.0,1,1,11.1333,2.0,0.0
871,0,2.0,1.0,26.0,0,0,7.8958,2.0,2.0
872,1,0.0,0.0,47.0,1,1,52.5542,2.0,3.0
873,0,0.0,1.0,33.0,0,0,5.0,2.0,2.0
874,0,2.0,1.0,47.0,0,0,9.0,2.0,2.0
875,1,1.0,0.0,28.0,1,0,24.0,0.0,3.0
876,1,2.0,0.0,15.0,0,0,7.225,0.0,1.0
877,0,2.0,1.0,20.0,0,0,9.8458,2.0,2.0
878,0,2.0,1.0,19.0,0,0,7.8958,2.0,2.0
879,0,2.0,1.0,16.0,0,0,7.8958,2.0,2.0
880,1,0.0,0.0,56.0,0,1,83.1583,0.0,3.0
881,1,1.0,0.0,25.0,0,1,26.0,2.0,3.0
882,0,2.0,1.0,33.0,0,0,7.8958,2.0,2.0
883,0,2.0,0.0,22.0,0,0,10.5167,2.0,1.0
884,0,1.0,1.0,28.0,0,0,10.5,2.0,2.0
885,0,2.0,1.0,25.0,0,0,7.05,2.0,2.0
886,0,2.0,0.0,39.0,0,5,29.125,1.0,3.0
887,0,1.0,1.0,27.0,0,0,13.0,2.0,4.0
888,1,0.0,0.0,19.0,0,0,30.0,2.0,1.0
889,0,2.0,0.0,23.0,1,2,23.45,2.0,1.0
890,1,0.0,1.0,26.0,0,0,30.0,0.0,2.0
891,0,2.0,1.0,32.0,0,0,7.75,1.0,2.0
